{
	"counties": [{
	"Άθως":[ 24.251670, 40.303630 ],
	"Ζωγράφου":[ 23.788002, 37.980710 ],
	"Ηλιούπολης":[ 23.757659, 37.949358 ],
	"Ηρακλείου":[ 23.774189, 38.065242 ],
	"Καντάνου":[ 23.671662, 35.221209 ],
	"Οινουσσών":[ 26.216057, 38.511977 ],
	"Πολυγύρου":[ 23.470736, 40.582278 ],
	"Τοπείρου":[ 24.690974, 41.168709 ],
	"Κιμώλου":[ 24.645318, 36.741515 ],
	"Τήνου":[ 25.029242, 37.615174 ],
	"Αγιάς":[ 22.890630, 39.671688 ],
	"Αλοννήσου":[ 24.143104, 39.341545 ],
	"Ιλίου":[ 23.683919, 38.064295 ],
	"Ύδρας":[ 23.406445, 37.294970 ],
	"Αμυνταίου":[ 21.707456, 40.851718 ],
	"Αβδήρων":[ 25.111152, 41.005092 ],
	"Άκτιου":[ 20.794556, 38.753712 ],
	"Άνδρου":[ 24.959169, 37.690392 ],
	"Άργους - Μυκηνών":[ 22.520835, 37.838570 ],
	"Έδεσσας":[ 21.995345, 40.903795 ],
	"Ήλιδας":[ 21.576608, 37.915312 ],
	"Αίγινας":[ 23.319346, 37.800278 ],
	"Αγίας Βαρβάρας":[ 23.643935, 37.998550 ],
	"Αγίας Παρασκευής":[ 23.840087, 38.024099 ],
	"Αγίου Βασιλείου":[ 24.590292, 35.009441 ],
	"Αμαρουσίου":[ 23.802560, 38.068114 ],
	"Αμοργού":[ 25.894146, 36.881398 ],
	"Αγίου Δημητρίου":[ 23.741302, 37.947269 ],
	"Αγίου Ευστρατίου":[ 25.061596, 39.537911 ], 
	"Αγίου Νικολάου":[ 25.772675, 35.121295 ],
	"Αργιθέας":[ 21.436157, 39.415219 ],
	"Αριστοτέλη":[ 23.954134, 40.308138 ],
	"Αρριανών": [ 25.841278, 41.338539 ],
	"Αρταίων":[ 20.925502, 39.010819 ],
	"Αρχανών - Αστερουσίων":[ 25.182874, 35.274915 ],
	"Αγίων Αναργύρων - Καματερού":[ 23.704411, 38.066935 ],
	"Αγκιστρίου":[ 23.260616, 37.705558 ],
	"Αγράφων":[ 21.646277, 39.244729 ],
	"Αγρινίου":[ 21.557284, 38.889210 ],
	"Αθηναίων":[ 23.743648, 38.033644 ], 
	"Αιγάλεω":[ 23.671115, 38.009129 ],
	"Αιγιαλείας":[ 21.943767, 38.328342 ], 
	"Μεγίστης":[ 29.592176, 36.153279 ],
	"Μεγαλόπολης":[ 21.998536, 37.543803 ],
	"Μεγανησίου":[ 20.745642, 38.716505 ],
	"Μεγαρέων":[ 23.364132, 37.966348 ],
	"Μεσσήνης":[ 21.857117, 37.223138 ],
	"Πάτμου":[ 26.749323, 37.365112 ],
	"Πέλλας":[ 22.292075, 40.968465 ],
	"Παγγαίου":[ 24.308228, 40.835851 ],
	"Παιανίας":[ 23.844323, 38.010838 ],
	"Παιονίας":[ 22.667549, 41.184593 ],
	"Τεμπών":[ 22.485539, 40.000370 ],
	"Τρίπολης":[ 22.445170, 37.329706 ],
	"Αλίμου":[ 23.744358, 37.928366 ],
	"Αλεξάνδρειας":[ 22.661992, 40.524312 ],
	"Αλεξανδρούπολης":[ 26.025338, 40.770355 ],
	"Αλιάρτου":[ 23.152163, 38.462652 ],
	"Αλμυρού":[ 23.067531, 39.005256 ],
	"Αλμωπίας":[ 22.224984, 41.164445 ],
	"Αμάριου":[ 24.590791, 35.292510 ],
	"Αγαθονησίου":[ 26.949424, 37.484373 ],
	"Αμπελοκήπων - Μενεμένης":[ 22.877639, 40.666015 ],
	"Αμφίκλειας - Ελάτειας":[ 22.506440, 38.742180 ],
	"Αμφίπολης":[ 24.041426, 41.049418 ],
	"Αμφιλοχίας":[ 21.155769, 38.982386 ],
	"Ανάφης":[ 25.886783, 36.267391 ],
	"Ανατολικής Μάνης":[ 22.451907, 36.885113 ],
	"Ανδρίτσαινας - Κρεστένων":[ 21.688096, 37.644548 ],
	"Ανδραβίδας - Κυλλήνης":[ 21.120735, 37.941356 ],
	"Αντιπάρου":[ 25.014586, 36.983946 ],
	"Ανωγείων":[ 24.841038, 35.323444 ],
	"Αποκορώνου":[ 24.193521, 35.455966 ],
	"Αρχαίας Ολυμπίας":[ 21.822609, 37.939425 ],
	"Ασπροπύργου": [ 23.631682, 38.174007 ],
	"Αστυπαλαίας":[ 26.222925, 36.559971 ],
	"Αχαρνών":[ 23.697692, 38.221502 ],
	"Βάρης - Βούλας - Βουλιαγμένης":[ 23.763709, 37.762251 ],
	"Βέλου - Βόχας":[ 22.776211, 37.995777 ],
	"Βέροιας":[ 22.277897, 40.643880 ],
	"Βιάννου":[ 25.529992, 35.024108 ],
	"Βισαλτίας":[ 23.356788, 41.015481 ],
	"Βοϊου":[ 21.493600, 40.449905 ],
	"Βριλησσίων":[ 23.850160, 38.052484 ],
	"Βόλβης":[ 23.492408, 40.842416 ],
	"Βόλου":[ 22.972076, 39.456554 ],
	"Βόρειας Κυνουρίας":[ 22.735600, 37.523263 ], 
	"Βορείων Τζουμέρκων":[ 21.120701, 39.680470 ],
	"Βύρωνος":[ 23.755971, 37.965479 ],
	"Γαλατσίου":[ 23.753638, 38.026861 ], 
	"Γαύδου":[ 23.995536, 34.938709 ], 
	"Γεωργίου Καραϊσκάκη":[ 21.348872, 39.313619 ],
	"Γλυφάδας":[ 23.761011, 37.895477 ],
	"Γορτυνίας":[ 21.890179, 37.863924 ],
	"Γρεβενών":[ 21.433482, 40.241678 ],
	"Γόρτυνας":[ 24.948703, 35.179129 ],
	"Ξάνθης":[ 24.734905, 41.316298 ],
	"Ξηρομέρου":[ 21.037065, 38.504931 ],
	"Ξυλοκάστρου":[ 22.380219, 38.142632 ],
	"Οιχαλίας":[ 21.965844, 37.483232 ],
	"Ιεράς Πόλης Μεσολογγίου":[ 21.516615, 38.295094 ],
	"Ιητών":[ 25.388130, 36.650752 ],
	"Ιθάκης":[ 21.093803, 38.299062 ],
	"Ορεστίδος":[ 21.470992, 40.499017 ],
	"Ορεστιάδας":[ 26.240759, 41.731665 ],
	"Οροπεδίου Λασιθίου":[ 25.413978, 35.156892 ],
	"Ορχομενού":[ 23.134945, 38.580031 ],
	"Πάργας":[ 20.511523, 39.200738 ],
	"Πάρου":[ 25.123749, 36.970425 ],
	"Πλατανιά":[ 23.738188, 35.693386 ],
	"Προσοτσάνης":[ 24.077975, 41.306656 ],
	"Πυλαίας - Χορτιάτη":[ 22.980585, 40.708093 ],
	"Πωγωνίου":[ 20.532933, 40.073447 ],
	"Πόρου":[ 23.469918, 37.489994 ],
	"Δάφνης - Υμηττού":[ 23.747397, 37.957584 ],
	"Δέλτα":[ 22.746528, 40.512494 ],
	"Δίου - Ολύμπου":[ 22.442900, 40.256083 ],
	"Διρφύων - Μεσσαπίων":[ 23.916381, 38.674695 ],
	"Δελφών": [ 22.621509, 38.313928 ],
	"Δεσκάτης":[ 21.802097, 40.095263 ],
	"Διδυμοτείχου":[ 26.332327, 41.514925 ],
	"Διστόμου-Αράχοβας - Αντίκυρας":[ 22.541402, 38.567074 ],
	"Διονύσου":[ 23.909563, 38.159264 ],
	"Δομοκού":[ 22.266757, 39.273217 ],
	"Δοξάτου":[ 24.333473, 41.147392 ],
	"Δράμας":[ 24.264591, 41.572864 ],
	"Δυτικής Αχαΐας":[ 21.379898, 38.212360 ],
	"Δυτικής Μάνης":[ 22.254689, 36.857088 ],
	"Δωδώνης":[ 20.690370, 39.617367 ],
	"Δωρίδος":[ 22.168487, 38.334383 ],
	"Ελασσόνας":[ 22.187047, 40.195468 ],
	"Ελαφονήσου":[ 22.988122, 36.515574 ],
	"Ελευσίνας":[ 23.503869, 38.136477 ],
	"Ελληνικού - Αργυρούπολης":[ 23.715164, 37.893617 ], 
	"Εμμανουήλ":[ 23.753466, 41.190218 ],
	"Εορδαίας":[ 21.856390, 40.697328 ],
	"Επιδαύρου":[ 23.176875, 37.715548 ],
	"Ερέτριας":[ 23.807977, 38.378162 ],
	"Ερμιονίδας":[ 23.140905, 37.302246 ],
	"Ερυμάνθου":[ 21.919623, 38.166293 ],
	"Ευρώτα":[ 22.609887, 36.791502 ],
	"Ζίτσας":[ 20.668549, 39.832230 ],
	"Ζαγοράς - Μουρεσίου":[ 23.050017, 39.527677 ],
	"Ζαγορίου":[ 20.870565, 40.024981 ],
	"Ζακύνθου":[ 21.003232, 37.252502 ],
	"Ζαχάρως":[ 21.696980, 37.542675 ],
	"Ζηρού":[ 20.983910, 39.403766 ],
	"Ηγουμενίτσας":[ 20.271078, 39.386293 ],
	"Ηρακλείου":[ 25.134516, 35.343280 ],
	"Ηρακλείας":[ 23.322488, 41.236590 ],
	"Θάσου":[ 24.707400, 40.830509 ],
	"Θέρμης":[ 23.109456, 40.578922 ],
	"Θέρμου":[ 21.594019, 38.597645 ],
	"Θήρας":[ 25.228663, 36.220523 ],
	"Θερμαϊκού":[ 22.966034, 40.509739 ],
	"Θεσσαλονίκης":[ 22.913139, 40.650617 ],
	"Θηβαίων":[ 22.970118, 38.178171 ],
	"Ιάσμου":[ 25.223333, 41.264584 ],
	"Ιεράπετρας":[ 25.743031, 34.877618 ],
	"Ικαρίας":[ 25.977094, 37.512400 ],
	"Ιστιαίας - Αιδηψού":[ 22.821488, 38.807688 ],
	"Ιωαννιτών":[ 20.786420, 39.776307 ],
	"Κάσου":[ 26.885916, 35.445739 ],
	"Κάτω Νευροκοπίου":[ 24.137633, 41.535003 ],
	"Κέας": [ 24.145820, 37.749004 ],
	"Κέρκυρας":[ 19.917552, 39.343166 ],
	"Καβάλας":[ 24.391807, 40.919646 ],
	"Καισαριανής":[ 23.755971, 37.965479 ],
	"Καλαβρύτων":[ 22.109324, 38.148982 ],
	"Καλαμάτας":[ 22.080576, 37.228837 ],
	"Καλαμαριάς":[ 22.970840, 40.587968 ],
	"Καλαμπάκας":[ 21.469057, 39.900154 ],
	"Πύδνας - Κολινδρού":[ 22.662721, 40.468151 ],
	"Πύλης":[ 21.350708, 39.591585 ],
	"Πύλου": [ 21.894202, 36.670735 ],
	"Πύργου": [ 21.300989, 37.658697 ], 
	"Ρήγα Φερραίου":[ 22.981588, 39.553678 ],
	"Καλλιθέας":[ 23.697303, 37.962558 ],
	"Καλυμνίων":[ 26.934291, 36.932627 ],
	"Καρδίτσας":[ 21.986491, 39.465792 ],
	"Καρπάθου":[ 27.105204, 35.421917 ],
	"Καρπενησίου":[ 21.839473, 39.152837 ],
	"Καρύστου":[ 24.518093, 37.941654 ],
	"Κασσάνδρας":[ 23.359560, 40.028074 ],
	"Καστοριάς":[ 21.286812, 40.710489 ],
	"Κατερίνης":[ 22.492743, 40.403378 ],
	"Κεντρικών Τζουμέρκων":[ 21.155777, 39.528883 ],
	"Κερατσινίου - Δραπετσώνας":[ 23.628761, 37.963596 ],
	"Κεφαλονιάς":[ 20.543765, 38.086059 ],
	"Κηφισιάς":[ 23.857824, 38.115772 ],
	"Κιλελέρ":[ 22.522105, 39.701513 ],
	"Κιλκίς":[ 22.816827, 41.338496 ],
	"Κισσάμου":[ 23.536591, 35.271515 ],
	"Κοζάνης":[ 21.935664, 40.483890 ], 
	"Κομοτηνής":[ 25.576217, 41.317336 ],
	"Κορδελιού - Ευόσμου":[ 22.905331, 40.690765 ],
	"Κορινθίων":[ 23.173988, 37.759422 ],
	"Κορυδαλλού":[ 23.643935, 37.998550 ],
	"Κυθήρων":[ 23.304687, 35.891801 ],